timeStamp,elapsed,label,responseCode,responseMessage,threadName,dataType,success,failureMessage,bytes,sentBytes,grpThreads,allThreads,URL,Latency,IdleTime,Connect
1695268570450,2847,Add project ,200,OK,Website users 1-1,text,true,,946,814,2,2,https://npbmis-stage.yipl.com.np/api/v1/projects,2844,0,1290
1695268573328,1917,"Stage = Identification, Step 1 - General detail",200,OK,Website users 1-1,text,true,,1008,1000,2,2,https://npbmis-stage.yipl.com.np/api/v1/projects/87?stage=identification&formType=general_detail&saveType=saveAndContinue,1917,0,0
1695268571355,4972,Add project ,200,OK,Website users 1-2,text,true,,946,814,2,2,https://npbmis-stage.yipl.com.np/api/v1/projects,4971,0,4832
1695268576328,169,"Stage = Identification, Step 1 - General detail",200,OK,Website users 1-2,text,true,,1008,1000,2,2,https://npbmis-stage.yipl.com.np/api/v1/projects/88?stage=identification&formType=general_detail&saveType=saveAndContinue,169,0,0
1695268576498,121,"Stage = Identification, Step 2 - Detailed Description",200,OK,Website users 1-2,text,true,,1271,921,2,2,https://npbmis-stage.yipl.com.np/api/v1/projects/88?stage=identification&formType=detailed_description&saveType=saveAndContinue,121,0,0
1695268576620,102,"Stage = Identification, Step  3 - Financial",200,OK,Website users 1-2,text,true,,1393,759,2,2,https://npbmis-stage.yipl.com.np/api/v1/projects/88?stage=identification&formType=financial&saveType=saveAndContinue,101,0,0
1695268576723,188,"Stage = Identification, Step 4 - Land Acquistion",200,OK,Website users 1-2,text,true,,1671,928,2,2,https://npbmis-stage.yipl.com.np/api/v1/projects/88?stage=identification&formType=land_acquisition&saveType=saveAndContinue,188,0,0
1695268576912,117,"Stage = Identification, Click on Verification",200,OK,Website users 1-2,text,true,,958,621,2,2,https://npbmis-stage.yipl.com.np/api/v1/projects/88?stage=identification&formType=status_change,117,0,0
1695268577030,103,"Stage = Identification, Click on  Approval",200,OK,Website users 1-2,text,true,,954,619,2,2,https://npbmis-stage.yipl.com.np/api/v1/projects/88?stage=identification&formType=status_change,103,0,0
1695268577134,117,"Stage = Identification, Click on Evaluation",200,OK,Website users 1-2,text,true,,956,621,2,2,https://npbmis-stage.yipl.com.np/api/v1/projects/88?stage=identification&formType=status_change,117,0,0
1695268577252,123,"Stage = Identification, Identification - Assessment",200,OK,Website users 1-2,text,true,,2713,2709,2,2,https://npbmis-stage.yipl.com.np/api/v1/assessments/88,123,0,0
1695268577376,126,"Stage =  Prefeasibility Development , Step 1- Project Background",200,OK,Website users 1-2,text,true,,1294,3252,2,2,https://npbmis-stage.yipl.com.np/api/v1/projects/88/development?developmentType=prefeasibility&formType=project_background&saveType=saveAndContinue&stage=development,126,0,0
1695268577503,107,"Stage = Prefeasibility Development , Step 2 - study methodology",200,OK,Website users 1-2,text,true,,1421,1511,2,2,https://npbmis-stage.yipl.com.np/api/v1/projects/88/development?developmentType=prefeasibility&formType=study_methodology&saveType=saveAndContinue&stage=development,107,0,0
1695268575246,5567,"Stage = Identification, Step 2 - Detailed Description",200,OK,Website users 1-1,text,true,,1271,921,2,2,https://npbmis-stage.yipl.com.np/api/v1/projects/87?stage=identification&formType=detailed_description&saveType=saveAndContinue,5566,0,0
1695268580814,259,"Stage = Identification, Step  3 - Financial",200,OK,Website users 1-1,text,true,,1393,759,2,2,https://npbmis-stage.yipl.com.np/api/v1/projects/87?stage=identification&formType=financial&saveType=saveAndContinue,259,0,0
1695268581074,144,"Stage = Identification, Step 4 - Land Acquistion",200,OK,Website users 1-1,text,true,,1671,928,2,2,https://npbmis-stage.yipl.com.np/api/v1/projects/87?stage=identification&formType=land_acquisition&saveType=saveAndContinue,144,0,0
1695268581219,179,"Stage = Identification, Click on Verification",200,OK,Website users 1-1,text,true,,958,621,2,2,https://npbmis-stage.yipl.com.np/api/v1/projects/87?stage=identification&formType=status_change,179,0,0
1695268581399,136,"Stage = Identification, Click on  Approval",200,OK,Website users 1-1,text,true,,954,619,2,2,https://npbmis-stage.yipl.com.np/api/v1/projects/87?stage=identification&formType=status_change,136,0,0
1695268581536,115,"Stage = Identification, Click on Evaluation",200,OK,Website users 1-1,text,true,,956,621,2,2,https://npbmis-stage.yipl.com.np/api/v1/projects/87?stage=identification&formType=status_change,115,0,0
1695268581652,264,"Stage = Identification, Identification - Assessment",200,OK,Website users 1-1,text,true,,2713,2709,2,2,https://npbmis-stage.yipl.com.np/api/v1/assessments/87,264,0,0
1695268581917,181,"Stage =  Prefeasibility Development , Step 1- Project Background",200,OK,Website users 1-1,text,true,,1294,3112,2,2,https://npbmis-stage.yipl.com.np/api/v1/projects/87/development?developmentType=prefeasibility&formType=project_background&saveType=saveAndContinue&stage=development,181,0,0
1695268582100,115,"Stage = Prefeasibility Development , Step 2 - study methodology",200,OK,Website users 1-1,text,true,,1421,1529,2,2,https://npbmis-stage.yipl.com.np/api/v1/projects/87/development?developmentType=prefeasibility&formType=study_methodology&saveType=saveAndContinue&stage=development,115,0,0
1695268577611,6110,"Stage = Prefeasibility Development , Step 3 - policy identify",200,OK,Website users 1-2,text,true,,2429,910509,2,2,https://npbmis-stage.yipl.com.np/api/v1/projects/88/development?developmentType=prefeasibility&formType=policy_identity&saveType=saveAndContinue&stage=development,6110,0,0
1695268583723,832,"Stage = PrefeasibilityDevelopment , Step 4 - prefeasibility analysis",200,OK,Website users 1-2,text,true,,3541,154085,2,2,https://npbmis-stage.yipl.com.np/api/v1/projects/88/development?developmentType=prefeasibility&formType=prefeasibility_analysis&saveType=saveAndContinue&stage=development,832,0,0
1695268584556,219,"Stage = PrefeasibilityDevelopment , Step 5 - implementation operation framework",200,OK,Website users 1-2,text,true,,3694,1389,2,2,https://npbmis-stage.yipl.com.np/api/v1/projects/88/development?developmentType=prefeasibility&formType=implementation_operation_framework&saveType=saveAndContinue&stage=development,219,0,0
1695268582216,3387,"Stage = Prefeasibility Development , Step 3 - policy identify",200,OK,Website users 1-1,text,true,,2429,910607,2,2,https://npbmis-stage.yipl.com.np/api/v1/projects/87/development?developmentType=prefeasibility&formType=policy_identity&saveType=saveAndContinue&stage=development,3387,0,0
1695268584776,1264,"Stage = Prefeasibility Development , Step 6 - study recommendations suggestion",200,OK,Website users 1-2,text,true,,4827,607817,2,2,https://npbmis-stage.yipl.com.np/api/v1/projects/88/development?developmentType=prefeasibility&formType=study_recommendations_suggestions&saveType=saveAndContinue&stage=development,1253,0,0
1695268585604,720,"Stage = PrefeasibilityDevelopment , Step 4 - prefeasibility analysis",200,OK,Website users 1-1,text,true,,3541,154061,2,2,https://npbmis-stage.yipl.com.np/api/v1/projects/87/development?developmentType=prefeasibility&formType=prefeasibility_analysis&saveType=saveAndContinue&stage=development,720,0,0
1695268586325,101,"Stage = PrefeasibilityDevelopment , Step 5 - implementation operation framework",200,OK,Website users 1-1,text,true,,3694,1369,2,2,https://npbmis-stage.yipl.com.np/api/v1/projects/87/development?developmentType=prefeasibility&formType=implementation_operation_framework&saveType=saveAndContinue&stage=development,101,0,0
1695268586041,565,"Stage = Feasibility Development, Step 1 -Project Background",200,OK,Website users 1-2,text,true,,1846,306628,2,2,https://npbmis-stage.yipl.com.np/api/v1/projects/88/development?developmentType=feasibility&formType=project_background&saveType=saveAndContinue&stage=development,565,0,0
1695268586427,803,"Stage = Prefeasibility Development , Step 6 - study recommendations suggestion",200,OK,Website users 1-1,text,true,,4827,607762,2,2,https://npbmis-stage.yipl.com.np/api/v1/projects/87/development?developmentType=prefeasibility&formType=study_recommendations_suggestions&saveType=saveAndContinue&stage=development,802,0,0
1695268586606,931,"Stage = Feasibility Development, Step 2 - Study Methodology",200,OK,Website users 1-2,text,true,,2546,607300,2,2,https://npbmis-stage.yipl.com.np/api/v1/projects/88/development?developmentType=feasibility&formType=study_methodology&saveType=saveAndContinue&stage=development,931,0,0
1695268587231,588,"Stage = Feasibility Development, Step 1 -Project Background",200,OK,Website users 1-1,text,true,,1846,306590,2,2,https://npbmis-stage.yipl.com.np/api/v1/projects/87/development?developmentType=feasibility&formType=project_background&saveType=saveAndContinue&stage=development,588,0,0
1695268587820,932,"Stage = Feasibility Development, Step 2 - Study Methodology",200,OK,Website users 1-1,text,true,,2546,607370,2,2,https://npbmis-stage.yipl.com.np/api/v1/projects/87/development?developmentType=feasibility&formType=study_methodology&saveType=saveAndContinue&stage=development,932,0,0
1695268587538,1412,"Stage = Feasibility Development, Step 3 - Policy Identify",413,Request Entity Too Large,Website users 1-2,text,false,,383,1062155,2,2,https://npbmis-stage.yipl.com.np/api/v1/projects/88/development?developmentType=feasibility&formType=policy_identity&saveType=saveAndContinue&stage=development,1409,0,0
1695268588952,239,"Stage = Feasibility Development, Step 4 - Probability Analysis",200,OK,Website users 1-2,text,true,,3003,2731,2,2,https://npbmis-stage.yipl.com.np/api/v1/projects/88/development?developmentType=feasibility&formType=probability_analysis&saveType=saveAndContinue&stage=development,239,0,144
1695268589192,92,"Stage = Feasibility Development, Step 5 - Implementation and Oprn Framework",200,OK,Website users 1-2,text,true,,3231,1784,2,2,https://npbmis-stage.yipl.com.np/api/v1/projects/88/development?developmentType=feasibility&formType=implementation_operation_framework&saveType=saveAndContinue&stage=development,92,0,0
1695268589285,302,"Stage = Feasibility Development, Step 6 - Expected Result",200,OK,Website users 1-2,text,true,,3632,152576,2,2,https://npbmis-stage.yipl.com.np/api/v1/projects/88/development?developmentType=feasibility&formType=expected_results&saveType=saveAndContinue&stage=development,302,0,0
1695268589588,329,"Stage = Feasibility Development, Step 7 - Conclusions and recommendations",200,OK,Website users 1-2,text,true,,4737,607768,2,2,https://npbmis-stage.yipl.com.np/api/v1/projects/88/development?developmentType=feasibility&formType=conclusions_and_recommendations&saveType=saveAndContinue&stage=development,327,0,0
1695268589918,96,Development/Criteria- Gender and social inclusion analysis,200,OK,Website users 1-2,text,true,,1907,3757,2,2,https://npbmis-stage.yipl.com.np/api/v1/projects/88/development/criteria?criteriaType=methods_of_gender_and_social_inclusion_analysis,96,0,0
1695268588753,1357,"Stage = Feasibility Development, Step 3 - Policy Identify",413,Request Entity Too Large,Website users 1-1,text,false,,383,1062203,2,2,https://npbmis-stage.yipl.com.np/api/v1/projects/87/development?developmentType=feasibility&formType=policy_identity&saveType=saveAndContinue&stage=development,1356,0,0
1695268590019,100,Development/Criteria - Environmental impact analysis,200,OK,Website users 1-2,text,true,,1872,5013,2,2,https://npbmis-stage.yipl.com.np/api/v1/projects/88/development/criteria?criteriaType=basis_and_criteria_of_environmental_impact_analysis,100,0,0
1695268590119,89,Development/Criteria - Climate impact and disaster risk analysis method,200,OK,Website users 1-2,text,true,,1278,3132,2,2,https://npbmis-stage.yipl.com.np/api/v1/projects/88/development/criteria?criteriaType=climate_impact_and_disaster_risk_analysis_method,89,0,0
1695268590209,86,Click on - Verification,200,OK,Website users 1-2,text,true,,551,630,2,2,https://npbmis-stage.yipl.com.np/api/v1/projects/88/development?stage=development&formType=status_change,86,0,0
1695268590111,206,"Stage = Feasibility Development, Step 4 - Probability Analysis",200,OK,Website users 1-1,text,true,,3003,2719,2,2,https://npbmis-stage.yipl.com.np/api/v1/projects/87/development?developmentType=feasibility&formType=probability_analysis&saveType=saveAndContinue&stage=development,206,0,118
1695268590295,84,Click on - Approval,200,OK,Website users 1-2,text,true,,551,626,2,2,https://npbmis-stage.yipl.com.np/api/v1/projects/88/development?stage=development&formType=status_change,84,0,0
1695268590317,86,"Stage = Feasibility Development, Step 5 - Implementation and Oprn Framework",200,OK,Website users 1-1,text,true,,3231,1742,2,2,https://npbmis-stage.yipl.com.np/api/v1/projects/87/development?developmentType=feasibility&formType=implementation_operation_framework&saveType=saveAndContinue&stage=development,86,0,0
1695268590380,177,Click on - Evaluation,200,OK,Website users 1-2,text,true,,551,628,2,2,https://npbmis-stage.yipl.com.np/api/v1/projects/88/development?stage=development&formType=status_change,177,0,0
1695268590558,148,Development - Assessment,403,Forbidden,Website users 1-2,text,false,,406,6615,2,2,https://npbmis-stage.yipl.com.np/api/v1/projects/88/development/assessment,148,0,0
1695268590404,368,"Stage = Feasibility Development, Step 6 - Expected Result",200,OK,Website users 1-1,text,true,,3632,152572,2,2,https://npbmis-stage.yipl.com.np/api/v1/projects/87/development?developmentType=feasibility&formType=expected_results&saveType=saveAndContinue&stage=development,368,0,0
1695268590707,117,"Stage = Dpr, Step 1 - General Description",405,Method Not Allowed,Website users 1-2,text,false,,441,1080,2,2,https://npbmis-stage.yipl.com.np/api/v1/projects/88/dpr?formType=general_description&saveType=saveAndContinue&stage=dpr,117,0,0
1695268590824,86,"Stage = Dpr, Step 2- Estimate_total",405,Method Not Allowed,Website users 1-2,text,false,,441,1463,2,2,https://npbmis-stage.yipl.com.np/api/v1/projects/88/dpr?formType=estimate_total_cost&saveType=saveAndContinue&stage=dpr,86,0,0
1695268590911,96,"Stage = Dpr, Step 3- Source Cost  Bearings",405,Method Not Allowed,Website users 1-2,text,false,,441,696,2,2,https://npbmis-stage.yipl.com.np/api/v1/projects/88/dpr?formType=source_cost_bearing&saveType=saveAndContinue&stage=dpr,96,0,0
1695268590773,333,"Stage = Feasibility Development, Step 7 - Conclusions and recommendations",200,OK,Website users 1-1,text,true,,4737,607757,2,2,https://npbmis-stage.yipl.com.np/api/v1/projects/87/development?developmentType=feasibility&formType=conclusions_and_recommendations&saveType=saveAndContinue&stage=development,332,0,0
1695268591008,112,"Stage = Dpr, Step 4- Return project",405,Method Not Allowed,Website users 1-2,text,false,,441,847,2,2,https://npbmis-stage.yipl.com.np/api/v1/projects/88/dpr?formType=return_project&saveType=saveAndContinue&stage=dpr,112,0,0
1695268591107,93,Development/Criteria- Gender and social inclusion analysis,200,OK,Website users 1-1,text,true,,1907,3785,2,2,https://npbmis-stage.yipl.com.np/api/v1/projects/87/development/criteria?criteriaType=methods_of_gender_and_social_inclusion_analysis,93,0,0
1695268591121,88,"Stage = Dpr, Step 5- Economic Financial",405,Method Not Allowed,Website users 1-2,text,false,,441,805,2,2,https://npbmis-stage.yipl.com.np/api/v1/projects/88/dpr?formType=economic_financial&saveType=saveAndContinue&stage=dpr,88,0,0
1695268591209,304,"Stage = Dpr, Step 6 - Environment Social",405,Method Not Allowed,Website users 1-2,text,false,,441,679,2,2,https://npbmis-stage.yipl.com.np/api/v1/projects/88/dpr?formType=environmental_social&saveType=saveAndContinue&stage=dpr,303,0,0
1695268591201,401,Development/Criteria - Environmental impact analysis,200,OK,Website users 1-1,text,true,,1872,4994,2,2,https://npbmis-stage.yipl.com.np/api/v1/projects/87/development/criteria?criteriaType=basis_and_criteria_of_environmental_impact_analysis,401,0,0
1695268591514,96,"Stage = Dpr, Step 7 - Climate disaster",405,Method Not Allowed,Website users 1-2,text,false,,441,683,2,2,https://npbmis-stage.yipl.com.np/api/v1/projects/88/dpr?formType=climate_disaster&saveType=saveAndContinue&stage=dpr,96,0,0
1695268591602,111,Development/Criteria - Climate impact and disaster risk analysis method,200,OK,Website users 1-1,text,true,,1278,3230,2,2,https://npbmis-stage.yipl.com.np/api/v1/projects/87/development/criteria?criteriaType=climate_impact_and_disaster_risk_analysis_method,111,0,0
1695268591610,103,"Stage = Dpr, Step 8 - Implementation Expenditure",405,Method Not Allowed,Website users 1-2,text,false,,441,862,2,2,https://npbmis-stage.yipl.com.np/api/v1/projects/88/dpr?formType=implementation_expenditure&saveType=saveAndContinue&stage=dpr,103,0,0
1695268591714,81,"Stage = Dpr, Step 9 - Organization Structure Staffing",405,Method Not Allowed,Website users 1-2,text,false,,441,3037,2,2,https://npbmis-stage.yipl.com.np/api/v1/projects/88/dpr?formType=organization_structure_staffing&saveType=saveAndContinue&stage=dpr,81,0,0
1695268591796,115,"Stage = Dpr, Step 10 - Operational Management",405,Method Not Allowed,Website users 1-2,text,false,,441,1946,2,2,https://npbmis-stage.yipl.com.np/api/v1/projects/88/dpr?formType=operational_management&saveType=saveAndContinue&stage=dpr,115,0,0
1695268591912,103,"Stage = Dpr, Click on - Verification",200,OK,Website users 1-2,text,true,,768,614,2,2,https://npbmis-stage.yipl.com.np/api/v1/projects/88/dpr?stage=dpr&formType=status_change,103,0,0
1695268591714,305,Click on - Verification,200,OK,Website users 1-1,text,true,,551,630,2,2,https://npbmis-stage.yipl.com.np/api/v1/projects/87/development?stage=development&formType=status_change,305,0,0
1695268592020,80,Click on - Approval,200,OK,Website users 1-1,text,true,,551,626,2,2,https://npbmis-stage.yipl.com.np/api/v1/projects/87/development?stage=development&formType=status_change,80,0,0
1695268592100,111,Click on - Evaluation,200,OK,Website users 1-1,text,true,,551,628,2,2,https://npbmis-stage.yipl.com.np/api/v1/projects/87/development?stage=development&formType=status_change,111,0,0
1695268592212,99,Development - Assessment,403,Forbidden,Website users 1-1,text,false,,406,6615,2,2,https://npbmis-stage.yipl.com.np/api/v1/projects/87/development/assessment,99,0,0
1695268592016,315,"Stage = Dpr, Click on - Approval",200,OK,Website users 1-2,text,true,,768,610,2,2,https://npbmis-stage.yipl.com.np/api/v1/projects/88/dpr?stage=dpr&formType=status_change,315,0,0
1695268592312,78,"Stage = Dpr, Step 1 - General Description",405,Method Not Allowed,Website users 1-1,text,false,,441,1096,2,2,https://npbmis-stage.yipl.com.np/api/v1/projects/87/dpr?formType=general_description&saveType=saveAndContinue&stage=dpr,77,0,0
1695268592332,84,"Stage = Dpr, Click on - Evaluation",200,OK,Website users 1-2,text,true,,768,612,2,2,https://npbmis-stage.yipl.com.np/api/v1/projects/88/dpr?stage=dpr&formType=status_change,84,0,0
1695268592390,72,"Stage = Dpr, Step 2- Estimate_total",405,Method Not Allowed,Website users 1-1,text,false,,441,1445,2,2,https://npbmis-stage.yipl.com.np/api/v1/projects/87/dpr?formType=estimate_total_cost&saveType=saveAndContinue&stage=dpr,72,0,0
1695268592417,81,"Stage = Dpr, Dpr - Assessment",409,Conflict,Website users 1-2,text,false,,383,5868,2,2,https://npbmis-stage.yipl.com.np/api/v1/projects/88/dpr/assessment,81,0,0
1695268592463,73,"Stage = Dpr, Step 3- Source Cost  Bearings",405,Method Not Allowed,Website users 1-1,text,false,,441,696,2,2,https://npbmis-stage.yipl.com.np/api/v1/projects/87/dpr?formType=source_cost_bearing&saveType=saveAndContinue&stage=dpr,73,0,0
1695268592499,83,"Stage = Readiness, Click on - Evaluation",403,Forbidden,Website users 1-2,text,false,,425,624,2,2,https://npbmis-stage.yipl.com.np/api/v1/projects/88/readiness?stage=readiness&formType=status_change,83,0,0
1695268592537,97,"Stage = Dpr, Step 4- Return project",405,Method Not Allowed,Website users 1-1,text,false,,441,847,2,2,https://npbmis-stage.yipl.com.np/api/v1/projects/87/dpr?formType=return_project&saveType=saveAndContinue&stage=dpr,97,0,0
1695268592634,77,"Stage = Dpr, Step 5- Economic Financial",405,Method Not Allowed,Website users 1-1,text,false,,441,805,2,2,https://npbmis-stage.yipl.com.np/api/v1/projects/87/dpr?formType=economic_financial&saveType=saveAndContinue&stage=dpr,77,0,0
1695268592583,176,Stage = Readiness - Assessment,200,OK,Website users 1-2,text,true,,1680,1646,2,2,https://npbmis-stage.yipl.com.np/api/v1/projects/88/readiness/assessment,176,0,0
1695268592712,88,"Stage = Dpr, Step 6 - Environment Social",405,Method Not Allowed,Website users 1-1,text,false,,441,679,1,1,https://npbmis-stage.yipl.com.np/api/v1/projects/87/dpr?formType=environmental_social&saveType=saveAndContinue&stage=dpr,87,0,0
1695268592800,69,"Stage = Dpr, Step 7 - Climate disaster",405,Method Not Allowed,Website users 1-1,text,false,,441,683,1,1,https://npbmis-stage.yipl.com.np/api/v1/projects/87/dpr?formType=climate_disaster&saveType=saveAndContinue&stage=dpr,69,0,0
1695268592870,68,"Stage = Dpr, Step 8 - Implementation Expenditure",405,Method Not Allowed,Website users 1-1,text,false,,441,862,1,1,https://npbmis-stage.yipl.com.np/api/v1/projects/87/dpr?formType=implementation_expenditure&saveType=saveAndContinue&stage=dpr,68,0,0
1695268592938,78,"Stage = Dpr, Step 9 - Organization Structure Staffing",405,Method Not Allowed,Website users 1-1,text,false,,441,2989,1,1,https://npbmis-stage.yipl.com.np/api/v1/projects/87/dpr?formType=organization_structure_staffing&saveType=saveAndContinue&stage=dpr,78,0,0
1695268593017,72,"Stage = Dpr, Step 10 - Operational Management",405,Method Not Allowed,Website users 1-1,text,false,,441,1930,1,1,https://npbmis-stage.yipl.com.np/api/v1/projects/87/dpr?formType=operational_management&saveType=saveAndContinue&stage=dpr,72,0,0
1695268593090,77,"Stage = Dpr, Click on - Verification",200,OK,Website users 1-1,text,true,,768,614,1,1,https://npbmis-stage.yipl.com.np/api/v1/projects/87/dpr?stage=dpr&formType=status_change,77,0,0
1695268593168,73,"Stage = Dpr, Click on - Approval",200,OK,Website users 1-1,text,true,,768,610,1,1,https://npbmis-stage.yipl.com.np/api/v1/projects/87/dpr?stage=dpr&formType=status_change,72,0,0
1695268593241,73,"Stage = Dpr, Click on - Evaluation",200,OK,Website users 1-1,text,true,,768,612,1,1,https://npbmis-stage.yipl.com.np/api/v1/projects/87/dpr?stage=dpr&formType=status_change,73,0,0
1695268593315,69,"Stage = Dpr, Dpr - Assessment",409,Conflict,Website users 1-1,text,false,,383,5868,1,1,https://npbmis-stage.yipl.com.np/api/v1/projects/87/dpr/assessment,69,0,0
1695268593384,75,"Stage = Readiness, Click on - Evaluation",403,Forbidden,Website users 1-1,text,false,,425,624,1,1,https://npbmis-stage.yipl.com.np/api/v1/projects/87/readiness?stage=readiness&formType=status_change,75,0,0
1695268593460,96,Stage = Readiness - Assessment,200,OK,Website users 1-1,text,true,,1680,1646,1,1,https://npbmis-stage.yipl.com.np/api/v1/projects/87/readiness/assessment,96,0,0
